PassengerId,Survived,Pclass,Age,SibSp,Parch,Fare,Sex,Cabin,Embarked
1.0,0.0,3.0,22.0,1.0,0.0,7.25,male,A10,S
2.0,1.0,1.0,38.0,1.0,0.0,71.2833,female,C85,C
3.0,1.0,3.0,26.0,0.0,0.0,7.925,female,A10,S
4.0,1.0,1.0,35.0,1.0,0.0,53.1,female,C123,S
5.0,0.0,3.0,35.0,0.0,0.0,8.05,male,A10,S
6.0,0.0,3.0,31.386887850330385,0.0,0.0,8.4583,male,A10,Q
7.0,0.0,1.0,54.0,0.0,0.0,51.8625,male,E46,S
8.0,0.0,3.0,2.0,3.0,1.0,21.075,male,A10,S
9.0,1.0,3.0,27.0,0.0,2.0,11.1333,female,A10,S
10.0,1.0,2.0,14.0,1.0,0.0,30.0708,female,A10,C
11.0,1.0,3.0,4.0,1.0,1.0,16.7,female,G6,S
12.0,1.0,1.0,58.0,0.0,0.0,26.55,female,C103,S
13.0,0.0,3.0,20.0,0.0,0.0,8.05,male,A10,S
14.0,0.0,3.0,39.0,1.0,5.0,31.275,male,A10,S
15.0,0.0,3.0,14.0,0.0,0.0,7.8542,female,A10,S
16.0,1.0,2.0,55.0,0.0,0.0,16.0,female,A10,S
17.0,0.0,3.0,2.0,4.0,1.0,29.125,male,A10,Q
18.0,1.0,2.0,30.528006617444163,0.0,0.0,13.0,male,A10,S
19.0,0.0,3.0,31.0,1.0,0.0,18.0,female,A10,S
20.0,1.0,3.0,20.55364651792008,0.0,0.0,7.225,female,A10,C
21.0,0.0,2.0,35.0,0.0,0.0,26.0,male,A10,S
22.0,1.0,2.0,34.0,0.0,0.0,13.0,male,D56,S
23.0,1.0,3.0,15.0,0.0,0.0,8.0292,female,A10,Q
24.0,1.0,1.0,28.0,0.0,0.0,35.5,male,A6,S
25.0,0.0,3.0,8.0,3.0,1.0,21.075,female,A10,S
26.0,1.0,3.0,38.0,1.0,5.0,31.3875,female,A10,S
27.0,0.0,3.0,26.949130476404694,0.0,0.0,7.225,male,A10,C
28.0,0.0,1.0,19.0,3.0,2.0,263.0,male,C23 C25 C27,S
29.0,1.0,3.0,25.003512307205828,0.0,0.0,7.8792,female,A10,Q
30.0,0.0,3.0,29.073175549201217,0.0,0.0,7.8958,male,A10,S
31.0,0.0,1.0,40.0,0.0,0.0,27.7208,male,A10,C
32.0,1.0,1.0,31.182179203182166,1.0,0.0,146.5208,female,B78,C
33.0,1.0,3.0,25.005533092716348,0.0,0.0,7.75,female,A10,Q
34.0,0.0,2.0,66.0,0.0,0.0,10.5,male,A10,S
35.0,0.0,1.0,28.0,1.0,0.0,82.1708,male,A10,C
36.0,0.0,1.0,42.0,1.0,0.0,52.0,male,A10,S
37.0,1.0,3.0,20.491749893187595,0.0,0.0,7.2292,male,A10,C
38.0,0.0,3.0,21.0,0.0,0.0,8.05,male,A10,S
39.0,0.0,3.0,18.0,2.0,0.0,18.0,female,A10,S
40.0,1.0,3.0,14.0,1.0,0.0,11.2417,female,A10,C
41.0,0.0,3.0,40.0,1.0,0.0,9.475,female,A10,S
42.0,0.0,2.0,27.0,1.0,0.0,21.0,female,A10,S
43.0,0.0,3.0,26.947931283333645,0.0,0.0,7.8958,male,A10,C
44.0,1.0,2.0,3.0,1.0,2.0,41.5792,female,A10,C
45.0,1.0,3.0,19.0,0.0,0.0,7.8792,female,A10,Q
46.0,0.0,3.0,29.076014125008115,0.0,0.0,8.05,male,A10,S
47.0,0.0,3.0,27.141186506183875,1.0,0.0,15.5,male,A10,Q
48.0,1.0,3.0,25.009324164549284,0.0,0.0,7.75,female,A10,Q
49.0,0.0,3.0,18.439665311271717,2.0,0.0,21.6792,male,A10,C
50.0,0.0,3.0,18.0,1.0,0.0,17.8,female,A10,S
51.0,0.0,3.0,7.0,4.0,1.0,39.6875,male,A10,S
52.0,0.0,3.0,21.0,0.0,0.0,7.8,male,A10,S
53.0,1.0,1.0,49.0,1.0,0.0,76.7292,female,D33,C
54.0,1.0,2.0,29.0,1.0,0.0,26.0,female,A10,S
55.0,0.0,1.0,65.0,0.0,1.0,61.9792,male,B30,C
56.0,1.0,1.0,35.84059117177874,0.0,0.0,35.5,male,C52,S
57.0,1.0,2.0,21.0,0.0,0.0,10.5,female,A10,S
58.0,0.0,3.0,28.5,0.0,0.0,7.2292,male,A10,C
59.0,1.0,2.0,5.0,1.0,2.0,27.75,female,A10,S
60.0,0.0,3.0,11.0,5.0,2.0,46.9,male,A10,S
61.0,0.0,3.0,22.0,0.0,0.0,7.2292,male,A10,C
62.0,1.0,1.0,38.0,0.0,0.0,80.0,female,B28,C
63.0,0.0,1.0,45.0,1.0,0.0,83.475,male,C83,S
64.0,0.0,3.0,4.0,3.0,2.0,27.9,male,A10,S
65.0,0.0,1.0,42.713805868617186,0.0,0.0,27.7208,male,A10,C
66.0,1.0,3.0,15.721047837339697,1.0,1.0,15.2458,male,A10,C
67.0,1.0,2.0,29.0,0.0,0.0,10.5,female,F33,S
68.0,0.0,3.0,19.0,0.0,0.0,8.1583,male,A10,S
69.0,1.0,3.0,17.0,4.0,2.0,7.925,female,A10,S
70.0,0.0,3.0,26.0,2.0,0.0,8.6625,male,A10,S
71.0,0.0,2.0,32.0,0.0,0.0,10.5,male,A10,S
72.0,0.0,3.0,16.0,5.0,2.0,46.9,female,A10,S
73.0,0.0,2.0,21.0,0.0,0.0,73.5,male,A10,S
74.0,0.0,3.0,26.0,1.0,0.0,14.4542,male,A10,C
75.0,1.0,3.0,32.0,0.0,0.0,56.4958,male,A10,S
76.0,0.0,3.0,25.0,0.0,0.0,7.65,male,F G73,S
77.0,0.0,3.0,29.085054240944412,0.0,0.0,7.8958,male,A10,S
78.0,0.0,3.0,29.084101744918375,0.0,0.0,8.05,male,A10,S
79.0,1.0,2.0,0.83,0.0,2.0,29.0,male,A10,S
80.0,1.0,3.0,30.0,0.0,0.0,12.475,female,A10,S
81.0,0.0,3.0,22.0,0.0,0.0,9.0,male,A10,S
82.0,1.0,3.0,29.0,0.0,0.0,9.5,male,A10,S
83.0,1.0,3.0,25.017876897136382,0.0,0.0,7.7875,female,A10,Q
84.0,0.0,1.0,28.0,0.0,0.0,47.1,male,A10,S
85.0,1.0,2.0,17.0,0.0,0.0,10.5,female,A10,S
86.0,1.0,3.0,33.0,3.0,0.0,15.85,female,A10,S
87.0,0.0,3.0,16.0,1.0,3.0,34.375,male,A10,S
88.0,0.0,3.0,29.08662912614033,0.0,0.0,8.05,male,A10,S
89.0,1.0,1.0,23.0,3.0,2.0,263.0,female,C23 C25 C27,S
90.0,0.0,3.0,24.0,0.0,0.0,8.05,male,A10,S
91.0,0.0,3.0,29.0,0.0,0.0,8.05,male,A10,S
92.0,0.0,3.0,20.0,0.0,0.0,7.8542,male,A10,S
93.0,0.0,1.0,46.0,1.0,0.0,61.175,male,E31,S
94.0,0.0,3.0,26.0,1.0,2.0,20.575,male,A10,S
95.0,0.0,3.0,59.0,0.0,0.0,7.25,male,A10,S
96.0,0.0,3.0,29.088651031117895,0.0,0.0,8.05,male,A10,S
97.0,0.0,1.0,71.0,0.0,0.0,34.6542,male,A5,C
98.0,1.0,1.0,23.0,0.0,1.0,63.3583,male,D10 D12,C
99.0,1.0,2.0,34.0,0.0,1.0,23.0,female,A10,S
100.0,0.0,2.0,34.0,1.0,0.0,26.0,male,A10,S
101.0,0.0,3.0,28.0,0.0,0.0,7.8958,female,A10,S
102.0,0.0,3.0,29.091372693999304,0.0,0.0,7.8958,male,A10,S
103.0,0.0,1.0,21.0,0.0,1.0,77.2875,male,D26,S
104.0,0.0,3.0,33.0,0.0,0.0,8.6542,male,A10,S
105.0,0.0,3.0,37.0,2.0,0.0,7.925,male,A10,S
106.0,0.0,3.0,28.0,0.0,0.0,7.8958,male,A10,S
107.0,1.0,3.0,21.0,0.0,0.0,7.65,female,A10,S
108.0,1.0,3.0,22.63395816392591,0.0,0.0,7.775,male,A10,S
109.0,0.0,3.0,38.0,0.0,0.0,7.8958,male,A10,S
110.0,1.0,3.0,20.695785426484903,1.0,0.0,24.15,female,A10,Q
111.0,0.0,1.0,47.0,0.0,0.0,52.0,male,C110,S
112.0,0.0,3.0,14.5,1.0,0.0,14.4542,female,A10,C
113.0,0.0,3.0,22.0,0.0,0.0,8.05,male,A10,S
114.0,0.0,3.0,20.0,1.0,0.0,9.825,female,A10,S
115.0,0.0,3.0,17.0,0.0,0.0,14.4583,female,A10,C
116.0,0.0,3.0,21.0,0.0,0.0,7.925,male,A10,S
117.0,0.0,3.0,70.5,0.0,0.0,7.75,male,A10,Q
118.0,0.0,2.0,29.0,1.0,0.0,21.0,male,A10,S
119.0,0.0,1.0,24.0,0.0,1.0,247.5208,male,B58 B60,C
120.0,0.0,3.0,2.0,4.0,2.0,31.275,female,A10,S
121.0,0.0,2.0,21.0,2.0,0.0,73.5,male,A10,S
122.0,0.0,3.0,29.095222222294982,0.0,0.0,8.05,male,A10,S
123.0,0.0,2.0,32.5,1.0,0.0,30.0708,male,A10,C
124.0,1.0,2.0,32.5,0.0,0.0,13.0,female,E101,S
125.0,0.0,1.0,54.0,0.0,1.0,77.2875,male,D26,S
126.0,1.0,3.0,12.0,1.0,0.0,11.2417,male,A10,C
127.0,0.0,3.0,31.42300526783198,0.0,0.0,7.75,male,A10,Q
128.0,1.0,3.0,24.0,0.0,0.0,7.1417,male,A10,S
129.0,1.0,3.0,15.747539063969477,1.0,1.0,22.3583,female,F E69,C
130.0,0.0,3.0,45.0,0.0,0.0,6.975,male,A10,S
131.0,0.0,3.0,33.0,0.0,0.0,7.8958,male,A10,C
132.0,0.0,3.0,20.0,0.0,0.0,7.05,male,A10,S
133.0,0.0,3.0,47.0,1.0,0.0,14.5,female,A10,S
134.0,1.0,2.0,29.0,1.0,0.0,26.0,female,A10,S
135.0,0.0,2.0,25.0,0.0,0.0,13.0,male,A10,S
136.0,0.0,2.0,23.0,0.0,0.0,15.0458,male,A10,C
137.0,1.0,1.0,19.0,0.0,2.0,26.2833,female,D47,S
138.0,0.0,1.0,37.0,1.0,0.0,53.1,male,C123,S
139.0,0.0,3.0,16.0,0.0,0.0,9.2167,male,A10,S
140.0,0.0,1.0,24.0,0.0,0.0,79.2,male,B86,C
141.0,0.0,3.0,25.95271604972687,0.0,2.0,15.2458,female,A10,C
142.0,1.0,3.0,22.0,0.0,0.0,7.75,female,A10,S
143.0,1.0,3.0,24.0,1.0,0.0,15.85,female,A10,S
144.0,0.0,3.0,19.0,0.0,0.0,6.75,male,A10,Q
145.0,0.0,2.0,18.0,0.0,0.0,11.5,male,A10,S
146.0,0.0,2.0,19.0,1.0,1.0,36.75,male,A10,S
147.0,1.0,3.0,27.0,0.0,0.0,7.7958,male,A10,S
148.0,0.0,3.0,9.0,2.0,2.0,34.375,female,A10,S
149.0,0.0,2.0,36.5,0.0,2.0,26.0,male,F2,S
150.0,0.0,2.0,42.0,0.0,0.0,13.0,male,A10,S
151.0,0.0,2.0,51.0,0.0,0.0,12.525,male,A10,S
152.0,1.0,1.0,22.0,1.0,0.0,66.6,female,C2,S
153.0,0.0,3.0,55.5,0.0,0.0,8.05,male,A10,S
154.0,0.0,3.0,40.5,0.0,2.0,14.5,male,A10,S
155.0,0.0,3.0,29.10932691355911,0.0,0.0,7.3125,male,A10,S
156.0,0.0,1.0,51.0,0.0,1.0,61.3792,male,A10,C
157.0,1.0,3.0,16.0,0.0,0.0,7.7333,female,A10,Q
158.0,0.0,3.0,30.0,0.0,0.0,8.05,male,A10,S
159.0,0.0,3.0,29.09978620521704,0.0,0.0,8.6625,male,A10,S
160.0,0.0,3.0,-6.012759385323584,8.0,2.0,69.55,male,A10,S
161.0,0.0,3.0,44.0,0.0,1.0,16.1,male,A10,S
162.0,1.0,2.0,40.0,0.0,0.0,15.75,female,A10,S
163.0,0.0,3.0,26.0,0.0,0.0,7.775,male,A10,S
164.0,0.0,3.0,17.0,0.0,0.0,8.6625,male,A10,S
165.0,0.0,3.0,1.0,4.0,1.0,39.6875,male,A10,S
166.0,1.0,3.0,9.0,0.0,2.0,20.525,male,A10,S
167.0,1.0,1.0,34.0124087433486,0.0,1.0,55.0,female,E33,S
168.0,0.0,3.0,45.0,1.0,4.0,27.9,female,A10,S
169.0,0.0,1.0,44.88265654850021,0.0,0.0,25.925,male,A10,S
170.0,0.0,3.0,28.0,0.0,0.0,56.4958,male,A10,S
171.0,0.0,1.0,61.0,0.0,0.0,33.5,male,B19,S
172.0,0.0,3.0,4.0,4.0,1.0,29.125,male,A10,Q
173.0,1.0,3.0,1.0,1.0,1.0,11.1333,female,A10,S
174.0,0.0,3.0,21.0,0.0,0.0,7.925,male,A10,S
175.0,0.0,1.0,56.0,0.0,0.0,30.6958,male,A7,C
176.0,0.0,3.0,18.0,1.0,1.0,7.8542,male,A10,S
177.0,0.0,3.0,15.855569027140085,3.0,1.0,25.4667,male,A10,S
178.0,0.0,1.0,50.0,0.0,0.0,28.7125,female,C49,C
179.0,0.0,2.0,30.0,0.0,0.0,13.0,male,A10,S
180.0,0.0,3.0,36.0,0.0,0.0,0.0,male,A10,S
181.0,0.0,3.0,-5.941291539336916,8.0,2.0,69.55,female,A10,S
182.0,0.0,2.0,34.88477805270516,0.0,0.0,15.05,male,A10,C
183.0,0.0,3.0,9.0,4.0,2.0,31.3875,male,A10,S
184.0,1.0,2.0,1.0,2.0,1.0,39.0,male,F4,S
185.0,1.0,3.0,4.0,0.0,2.0,22.025,female,A10,S
186.0,0.0,1.0,44.698781811760895,0.0,0.0,50.0,male,A32,S
187.0,1.0,3.0,20.78285505166202,1.0,0.0,15.5,female,A10,Q
188.0,1.0,1.0,45.0,0.0,0.0,26.55,male,A10,S
189.0,0.0,3.0,40.0,1.0,1.0,15.5,male,A10,Q
190.0,0.0,3.0,36.0,0.0,0.0,7.8958,male,A10,S
191.0,1.0,2.0,32.0,0.0,0.0,13.0,female,A10,S
192.0,0.0,2.0,19.0,0.0,0.0,13.0,male,A10,S
193.0,1.0,3.0,19.0,1.0,0.0,7.8542,female,A10,S
194.0,1.0,2.0,3.0,1.0,1.0,26.0,male,F2,S
195.0,1.0,1.0,44.0,0.0,0.0,27.7208,female,B4,C
196.0,1.0,1.0,58.0,0.0,0.0,146.5208,female,B80,C
197.0,0.0,3.0,31.440696936385674,0.0,0.0,7.75,male,A10,Q
198.0,0.0,3.0,42.0,0.0,1.0,8.4042,male,A10,S
199.0,1.0,3.0,25.047487621000823,0.0,0.0,7.75,female,A10,Q
200.0,0.0,2.0,24.0,0.0,0.0,13.0,female,A10,S
201.0,0.0,3.0,28.0,0.0,0.0,9.5,male,A10,S
202.0,0.0,3.0,-6.002144384191368,8.0,2.0,69.55,male,A10,S
203.0,0.0,3.0,34.0,0.0,0.0,6.4958,male,A10,S
204.0,0.0,3.0,45.5,0.0,0.0,7.225,male,A10,C
205.0,1.0,3.0,18.0,0.0,0.0,8.05,male,A10,S
206.0,0.0,3.0,2.0,0.0,1.0,10.4625,female,G6,S
207.0,0.0,3.0,32.0,1.0,0.0,15.85,male,A10,S
208.0,1.0,3.0,26.0,0.0,0.0,18.7875,male,A10,C
209.0,1.0,3.0,16.0,0.0,0.0,7.75,female,A10,Q
210.0,1.0,1.0,40.0,0.0,0.0,31.0,male,A31,C
211.0,0.0,3.0,24.0,0.0,0.0,7.05,male,A10,S
212.0,1.0,2.0,35.0,0.0,0.0,21.0,female,A10,S
213.0,0.0,3.0,22.0,0.0,0.0,7.25,male,A10,S
214.0,0.0,2.0,30.0,0.0,0.0,13.0,male,A10,S
215.0,0.0,3.0,27.24422085992689,1.0,0.0,7.75,male,A10,Q
216.0,1.0,1.0,31.0,1.0,0.0,113.275,female,D36,C
217.0,1.0,3.0,27.0,0.0,0.0,7.925,female,A10,S
218.0,0.0,2.0,42.0,1.0,0.0,27.0,male,A10,S
219.0,1.0,1.0,32.0,0.0,0.0,76.2917,female,D15,C
220.0,0.0,2.0,30.0,0.0,0.0,10.5,male,A10,S
221.0,1.0,3.0,16.0,0.0,0.0,8.05,male,A10,S
222.0,0.0,2.0,27.0,0.0,0.0,13.0,male,A10,S
223.0,0.0,3.0,51.0,0.0,0.0,8.05,male,A10,S
224.0,0.0,3.0,29.12220674490717,0.0,0.0,7.8958,male,A10,S
225.0,1.0,1.0,38.0,1.0,0.0,90.0,male,C93,S
226.0,0.0,3.0,22.0,0.0,0.0,9.35,male,A10,S
227.0,1.0,2.0,19.0,0.0,0.0,10.5,male,A10,S
228.0,0.0,3.0,20.5,0.0,0.0,7.25,male,A10,S
229.0,0.0,2.0,18.0,0.0,0.0,13.0,male,A10,S
230.0,0.0,3.0,15.935124493037009,3.0,1.0,25.4667,female,A10,S
231.0,1.0,1.0,35.0,1.0,0.0,83.475,female,C83,S
232.0,0.0,3.0,29.0,0.0,0.0,7.775,male,A10,S
233.0,0.0,2.0,59.0,0.0,0.0,13.5,male,A10,S
234.0,1.0,3.0,5.0,4.0,2.0,31.3875,female,A10,S
235.0,0.0,2.0,24.0,0.0,0.0,10.5,male,A10,S
236.0,0.0,3.0,29.194102736175786,0.0,0.0,7.55,female,A10,S
237.0,0.0,2.0,44.0,1.0,0.0,26.0,male,A10,S
238.0,1.0,2.0,8.0,0.0,2.0,26.25,female,A10,S
239.0,0.0,2.0,19.0,0.0,0.0,10.5,male,A10,S
240.0,0.0,2.0,33.0,0.0,0.0,12.275,male,A10,S
241.0,0.0,3.0,22.811847664369846,1.0,0.0,14.4542,female,A10,C
242.0,1.0,3.0,20.796755648382778,1.0,0.0,15.5,female,A10,Q
243.0,0.0,2.0,29.0,0.0,0.0,10.5,male,A10,S
244.0,0.0,3.0,22.0,0.0,0.0,7.125,male,A10,S
245.0,0.0,3.0,30.0,0.0,0.0,7.225,male,A10,C
246.0,0.0,1.0,44.0,2.0,0.0,90.0,male,C78,Q
247.0,0.0,3.0,25.0,0.0,0.0,7.775,female,A10,S
248.0,1.0,2.0,24.0,0.0,2.0,14.5,female,A10,S
249.0,1.0,1.0,37.0,1.0,1.0,52.5542,male,D35,S
250.0,0.0,2.0,54.0,1.0,0.0,26.0,male,A10,S
251.0,0.0,3.0,29.13407827610613,0.0,0.0,7.25,male,A10,S
252.0,0.0,3.0,29.0,1.0,1.0,10.4625,female,G6,S
253.0,0.0,1.0,62.0,0.0,0.0,26.55,male,C87,S
254.0,0.0,3.0,30.0,1.0,0.0,16.1,male,A10,S
255.0,0.0,3.0,41.0,0.0,2.0,20.2125,female,A10,S
256.0,1.0,3.0,29.0,0.0,2.0,15.2458,female,A10,C
257.0,1.0,1.0,35.96625304960237,0.0,0.0,79.2,female,A10,C
258.0,1.0,1.0,30.0,0.0,0.0,86.5,female,B77,S
259.0,1.0,1.0,35.0,0.0,0.0,512.3292,female,A10,C
260.0,1.0,2.0,50.0,0.0,1.0,26.0,female,A10,S
261.0,0.0,3.0,31.456872176206193,0.0,0.0,7.75,male,A10,Q
262.0,1.0,3.0,3.0,4.0,2.0,31.3875,male,A10,S
263.0,0.0,1.0,52.0,1.0,1.0,79.65,male,E67,S
264.0,0.0,1.0,40.0,0.0,0.0,0.0,male,B94,S
265.0,0.0,3.0,31.524043474115533,0.0,0.0,7.75,female,A10,Q
266.0,0.0,2.0,36.0,0.0,0.0,10.5,male,A10,S
267.0,0.0,3.0,16.0,4.0,1.0,39.6875,male,A10,S
268.0,1.0,3.0,25.0,1.0,0.0,7.775,male,A10,S
269.0,1.0,1.0,58.0,0.0,1.0,153.4625,female,C125,S
270.0,1.0,1.0,35.0,0.0,0.0,135.6333,female,C99,S
271.0,0.0,1.0,44.86876940828521,0.0,0.0,31.0,male,A10,S
272.0,1.0,3.0,25.0,0.0,0.0,0.0,male,A10,S
273.0,1.0,2.0,41.0,0.0,1.0,19.5,female,A10,S
274.0,0.0,1.0,37.0,0.0,1.0,29.7,male,C118,C
275.0,1.0,3.0,25.06669571828769,0.0,0.0,7.75,female,A10,Q
276.0,1.0,1.0,63.0,1.0,0.0,77.9583,female,D7,S
277.0,0.0,3.0,45.0,0.0,0.0,7.75,female,A10,S
278.0,0.0,2.0,37.15520225204341,0.0,0.0,0.0,male,A10,S
279.0,0.0,3.0,7.0,4.0,1.0,29.125,male,A10,Q
280.0,1.0,3.0,35.0,1.0,1.0,20.25,female,A10,S
281.0,0.0,3.0,65.0,0.0,0.0,7.75,male,A10,Q
282.0,0.0,3.0,28.0,0.0,0.0,7.8542,male,A10,S
283.0,0.0,3.0,16.0,0.0,0.0,9.5,male,A10,S
284.0,1.0,3.0,19.0,0.0,0.0,8.05,male,A10,S
285.0,0.0,1.0,44.91138796729509,0.0,0.0,26.0,male,A19,S
286.0,0.0,3.0,33.0,0.0,0.0,8.6625,male,A10,C
287.0,1.0,3.0,30.0,0.0,0.0,9.5,male,A10,S
288.0,0.0,3.0,22.0,0.0,0.0,7.8958,male,A10,S
289.0,1.0,2.0,42.0,0.0,0.0,13.0,male,A10,S
290.0,1.0,3.0,22.0,0.0,0.0,7.75,female,A10,Q
291.0,1.0,1.0,26.0,0.0,0.0,78.85,female,A10,S
292.0,1.0,1.0,19.0,1.0,0.0,91.0792,female,B49,C
293.0,0.0,2.0,36.0,0.0,0.0,12.875,male,D,C
294.0,0.0,3.0,24.0,0.0,0.0,8.85,female,A10,S
295.0,0.0,3.0,24.0,0.0,0.0,7.8958,male,A10,S
296.0,0.0,1.0,42.772188374844376,0.0,0.0,27.7208,male,A10,C
297.0,0.0,3.0,23.5,0.0,0.0,7.2292,male,A10,C
298.0,0.0,1.0,2.0,1.0,2.0,151.55,female,C22 C26,S
299.0,1.0,1.0,38.41987896118684,0.0,0.0,30.5,male,C106,S
300.0,1.0,1.0,50.0,0.0,1.0,247.5208,female,B58 B60,C
301.0,1.0,3.0,25.073266909464778,0.0,0.0,7.75,female,A10,Q
302.0,1.0,3.0,16.484159878421508,2.0,0.0,23.25,male,A10,Q
303.0,0.0,3.0,19.0,0.0,0.0,0.0,male,A10,S
304.0,1.0,2.0,32.63016879050775,0.0,0.0,12.35,female,E101,Q
305.0,0.0,3.0,29.14147329865678,0.0,0.0,8.05,male,A10,S
306.0,1.0,1.0,0.92,1.0,2.0,151.55,male,C22 C26,S
307.0,1.0,1.0,35.73125185526612,0.0,0.0,110.8833,female,A10,C
308.0,1.0,1.0,17.0,1.0,0.0,108.9,female,C65,C
309.0,0.0,2.0,30.0,1.0,0.0,24.0,male,A10,C
310.0,1.0,1.0,30.0,0.0,0.0,56.9292,female,E36,C
311.0,1.0,1.0,24.0,0.0,0.0,83.1583,female,C54,C
312.0,1.0,1.0,18.0,2.0,2.0,262.375,female,B57 B59 B63 B66,C
313.0,0.0,2.0,26.0,1.0,1.0,26.0,female,A10,S
314.0,0.0,3.0,28.0,0.0,0.0,7.8958,male,A10,S
315.0,0.0,2.0,43.0,1.0,1.0,26.25,male,A10,S
316.0,1.0,3.0,26.0,0.0,0.0,7.8542,female,A10,S
317.0,1.0,2.0,24.0,1.0,0.0,26.0,female,A10,S
318.0,0.0,2.0,54.0,0.0,0.0,14.0,male,A10,S
319.0,1.0,1.0,31.0,0.0,2.0,164.8667,female,C7,S
320.0,1.0,1.0,40.0,1.0,1.0,134.5,female,E34,C
321.0,0.0,3.0,22.0,0.0,0.0,7.25,male,A10,S
322.0,0.0,3.0,27.0,0.0,0.0,7.8958,male,A10,S
323.0,1.0,2.0,30.0,0.0,0.0,12.35,female,A10,Q
324.0,1.0,2.0,22.0,1.0,1.0,29.0,female,A10,S
325.0,0.0,3.0,-5.971057595161305,8.0,2.0,69.55,male,A10,S
326.0,1.0,1.0,36.0,0.0,0.0,135.6333,female,C32,C
327.0,0.0,3.0,61.0,0.0,0.0,6.2375,male,A10,S
328.0,1.0,2.0,36.0,0.0,0.0,13.0,female,D,S
329.0,1.0,3.0,31.0,1.0,1.0,20.525,female,A10,S
330.0,1.0,1.0,16.0,0.0,1.0,57.9792,female,B18,C
331.0,1.0,3.0,16.557649629385736,2.0,0.0,23.25,female,A10,Q
332.0,0.0,1.0,45.5,0.0,0.0,28.5,male,C124,S
333.0,0.0,1.0,38.0,0.0,1.0,153.4625,male,C91,S
334.0,0.0,3.0,16.0,2.0,0.0,18.0,male,A10,S
335.0,1.0,1.0,33.487887468420396,1.0,0.0,133.65,female,A10,S
336.0,0.0,3.0,29.150513414593078,0.0,0.0,7.8958,male,A10,S
337.0,0.0,1.0,29.0,1.0,0.0,66.6,male,C2,S
338.0,1.0,1.0,41.0,0.0,0.0,134.5,female,E40,C
339.0,1.0,3.0,45.0,0.0,0.0,8.05,male,A10,S
340.0,0.0,1.0,45.0,0.0,0.0,35.5,male,T,S
341.0,1.0,2.0,2.0,1.0,1.0,26.0,male,F2,S
342.0,1.0,1.0,24.0,3.0,2.0,263.0,female,C23 C25 C27,S
343.0,0.0,2.0,28.0,0.0,0.0,13.0,male,A10,S
344.0,0.0,2.0,25.0,0.0,0.0,13.0,male,A10,S
345.0,0.0,2.0,36.0,0.0,0.0,13.0,male,A10,S
346.0,1.0,2.0,24.0,0.0,0.0,13.0,female,F33,S
347.0,1.0,2.0,40.0,0.0,0.0,13.0,female,A10,S
348.0,1.0,3.0,18.49468172089152,1.0,0.0,16.1,female,A10,S
349.0,1.0,3.0,3.0,1.0,1.0,15.9,male,A10,S
350.0,0.0,3.0,42.0,0.0,0.0,8.6625,male,A10,S
351.0,0.0,3.0,23.0,0.0,0.0,9.225,male,A10,S
352.0,0.0,1.0,44.85797701594345,0.0,0.0,35.0,male,C128,S
353.0,0.0,3.0,15.0,1.0,1.0,7.2292,male,A10,C
354.0,0.0,3.0,25.0,1.0,0.0,17.8,male,A10,S
355.0,0.0,3.0,27.03202858048486,0.0,0.0,7.225,male,A10,C
356.0,0.0,3.0,28.0,0.0,0.0,9.5,male,A10,S
357.0,1.0,1.0,22.0,0.0,1.0,55.0,female,E33,S
358.0,0.0,2.0,38.0,0.0,0.0,13.0,female,A10,S
359.0,1.0,3.0,25.086915887530385,0.0,0.0,7.8792,female,A10,Q
360.0,1.0,3.0,25.08716862565258,0.0,0.0,7.8792,female,A10,Q
361.0,0.0,3.0,40.0,1.0,4.0,27.9,male,A10,S
362.0,0.0,2.0,29.0,1.0,0.0,27.7208,male,A10,C
363.0,0.0,3.0,45.0,0.0,1.0,14.4542,female,A10,C
364.0,0.0,3.0,35.0,0.0,0.0,7.05,male,A10,S
365.0,0.0,3.0,27.221557229042084,1.0,0.0,15.5,male,A10,Q
366.0,0.0,3.0,30.0,0.0,0.0,7.25,male,A10,S
367.0,1.0,1.0,60.0,1.0,0.0,75.25,female,D37,C
368.0,1.0,3.0,20.641566557054908,0.0,0.0,7.2292,female,A10,C
369.0,1.0,3.0,25.090453101774077,0.0,0.0,7.75,female,A10,Q
370.0,1.0,1.0,24.0,0.0,0.0,69.3,female,B35,C
371.0,1.0,1.0,25.0,1.0,0.0,55.4417,male,E50,C
372.0,0.0,3.0,18.0,1.0,0.0,6.4958,male,A10,S
373.0,0.0,3.0,19.0,0.0,0.0,8.05,male,A10,S
374.0,0.0,1.0,22.0,0.0,0.0,135.6333,male,A10,C
375.0,0.0,3.0,3.0,3.0,1.0,21.075,female,A10,S
376.0,1.0,1.0,31.77208361682143,1.0,0.0,82.1708,female,A10,C
377.0,1.0,3.0,22.0,0.0,0.0,7.25,female,A10,S
378.0,0.0,1.0,27.0,0.0,2.0,211.5,male,C82,C
379.0,0.0,3.0,20.0,0.0,0.0,4.0125,male,A10,C
380.0,0.0,3.0,19.0,0.0,0.0,7.775,male,A10,S
381.0,1.0,1.0,42.0,0.0,0.0,227.525,female,A10,C
382.0,1.0,3.0,1.0,0.0,2.0,15.7417,female,A10,C
383.0,0.0,3.0,32.0,0.0,0.0,7.925,male,A10,S
384.0,1.0,1.0,35.0,1.0,0.0,52.0,female,A10,S
385.0,0.0,3.0,29.162897582580666,0.0,0.0,7.8958,male,A10,S
386.0,0.0,2.0,18.0,0.0,0.0,73.5,male,A10,S
387.0,0.0,3.0,1.0,5.0,2.0,46.9,male,A10,S
388.0,1.0,2.0,36.0,0.0,0.0,13.0,female,A10,S
389.0,0.0,3.0,31.48938522958448,0.0,0.0,7.7292,male,A10,Q
390.0,1.0,2.0,17.0,0.0,0.0,12.0,female,A10,C
391.0,1.0,1.0,36.0,1.0,2.0,120.0,male,B96 B98,S
392.0,1.0,3.0,21.0,0.0,0.0,7.7958,male,A10,S
393.0,0.0,3.0,28.0,2.0,0.0,7.925,male,A10,S
394.0,1.0,1.0,23.0,1.0,0.0,113.275,female,D36,C
395.0,1.0,3.0,24.0,0.0,2.0,16.7,female,G6,S
396.0,0.0,3.0,22.0,0.0,0.0,7.7958,male,A10,S
397.0,0.0,3.0,31.0,0.0,0.0,7.8542,female,A10,S
398.0,0.0,2.0,46.0,0.0,0.0,26.0,male,A10,S
399.0,0.0,2.0,23.0,0.0,0.0,10.5,male,A10,S
400.0,1.0,2.0,28.0,0.0,0.0,12.65,female,A10,S
401.0,1.0,3.0,39.0,0.0,0.0,7.925,male,A10,S
402.0,0.0,3.0,26.0,0.0,0.0,8.05,male,A10,S
403.0,0.0,3.0,21.0,1.0,0.0,9.825,female,A10,S
404.0,0.0,3.0,28.0,1.0,0.0,15.85,male,A10,S
405.0,0.0,3.0,20.0,0.0,0.0,8.6625,female,A10,S
406.0,0.0,2.0,34.0,1.0,0.0,21.0,male,A10,S
407.0,0.0,3.0,51.0,0.0,0.0,7.75,male,A10,S
408.0,1.0,2.0,3.0,1.0,1.0,18.75,male,A10,S
409.0,0.0,3.0,21.0,0.0,0.0,7.775,male,A10,S
410.0,0.0,3.0,15.980617355032223,3.0,1.0,25.4667,female,A10,S
411.0,0.0,3.0,29.169468773757753,0.0,0.0,7.8958,male,A10,S
412.0,0.0,3.0,31.50200520003764,0.0,0.0,6.8583,male,A10,Q
413.0,1.0,1.0,33.0,1.0,0.0,90.0,female,C78,Q
414.0,0.0,2.0,37.189574636662016,0.0,0.0,0.0,male,A10,S
415.0,1.0,3.0,44.0,0.0,0.0,7.925,male,A10,S
416.0,0.0,3.0,29.23568757564105,0.0,0.0,8.05,female,A10,S
417.0,1.0,2.0,34.0,1.0,1.0,32.5,female,A10,S
418.0,1.0,2.0,18.0,0.0,2.0,13.0,female,A10,S
419.0,0.0,2.0,30.0,0.0,0.0,13.0,male,A10,S
420.0,0.0,3.0,10.0,0.0,2.0,24.15,female,A10,S
421.0,0.0,3.0,27.043466293523593,0.0,0.0,7.8958,male,A10,C
422.0,0.0,3.0,21.0,0.0,0.0,7.7333,male,A10,Q
423.0,0.0,3.0,29.0,0.0,0.0,7.875,male,A10,S
424.0,0.0,3.0,28.0,1.0,1.0,14.4,female,A10,S
425.0,0.0,3.0,18.0,1.0,1.0,20.2125,male,A10,S
426.0,0.0,3.0,29.178307447490365,0.0,0.0,7.25,male,A10,S
427.0,1.0,2.0,28.0,1.0,0.0,26.0,female,A10,S
428.0,1.0,2.0,19.0,0.0,0.0,26.0,female,A10,S
429.0,0.0,3.0,31.49933218073506,0.0,0.0,7.75,male,A10,Q
430.0,1.0,3.0,32.0,0.0,0.0,8.05,male,E10,S
431.0,1.0,1.0,28.0,0.0,0.0,26.55,male,C52,S
432.0,1.0,3.0,18.51591172315596,1.0,0.0,16.1,female,A10,S
433.0,1.0,2.0,42.0,1.0,0.0,26.0,female,A10,S
434.0,0.0,3.0,17.0,0.0,0.0,7.125,male,A10,S
435.0,0.0,1.0,50.0,1.0,0.0,55.9,male,E44,S
436.0,1.0,1.0,14.0,1.0,2.0,120.0,female,B96 B98,S
437.0,0.0,3.0,21.0,2.0,2.0,34.375,female,A10,S
438.0,1.0,2.0,24.0,2.0,3.0,18.75,female,A10,S
439.0,0.0,1.0,64.0,1.0,4.0,263.0,male,C23 C25 C27,S
440.0,0.0,2.0,31.0,0.0,0.0,10.5,male,A10,S
441.0,1.0,2.0,45.0,1.0,1.0,26.25,female,A10,S
442.0,0.0,3.0,20.0,0.0,0.0,9.5,male,A10,S
443.0,0.0,3.0,25.0,1.0,0.0,7.775,male,A10,S
444.0,1.0,2.0,28.0,0.0,0.0,13.0,female,A10,S
445.0,1.0,3.0,22.71649299589813,0.0,0.0,8.1125,male,A10,S
446.0,1.0,1.0,4.0,0.0,2.0,81.8583,male,A34,S
447.0,1.0,2.0,13.0,0.0,1.0,19.5,female,A10,S
448.0,1.0,1.0,34.0,0.0,0.0,26.55,male,A10,S
449.0,1.0,3.0,5.0,2.0,1.0,19.2583,female,A10,C
450.0,1.0,1.0,52.0,0.0,0.0,30.5,male,C104,S
451.0,0.0,2.0,36.0,1.0,2.0,27.75,male,A10,S
452.0,0.0,3.0,24.884458975796036,1.0,0.0,19.9667,male,A10,S
453.0,0.0,1.0,30.0,0.0,0.0,27.75,male,C111,C
454.0,1.0,1.0,49.0,1.0,0.0,89.1042,male,C92,C
455.0,0.0,3.0,29.179384016986127,0.0,0.0,8.05,male,A10,S
456.0,1.0,3.0,29.0,0.0,0.0,7.8958,male,A10,C
457.0,0.0,1.0,65.0,0.0,0.0,26.55,male,E38,S
458.0,1.0,1.0,34.15822904278677,1.0,0.0,51.8625,female,D21,S
459.0,1.0,2.0,50.0,0.0,0.0,10.5,female,A10,S
460.0,0.0,3.0,31.507167062523123,0.0,0.0,7.75,male,A10,Q
461.0,1.0,1.0,48.0,0.0,0.0,26.55,male,E12,S
462.0,0.0,3.0,34.0,0.0,0.0,8.05,male,A10,S
463.0,0.0,1.0,47.0,0.0,0.0,38.5,male,E63,S
464.0,0.0,2.0,48.0,0.0,0.0,13.0,male,A10,S
465.0,0.0,3.0,29.181911398208083,0.0,0.0,8.05,male,A10,S
466.0,0.0,3.0,38.0,0.0,0.0,7.05,male,A10,S
467.0,0.0,2.0,37.202969757138376,0.0,0.0,0.0,male,A10,S
468.0,0.0,1.0,56.0,0.0,0.0,26.55,male,A10,S
469.0,0.0,3.0,31.50963710674938,0.0,0.0,7.725,male,A10,Q
470.0,1.0,3.0,0.75,2.0,1.0,19.2583,female,A10,C
471.0,0.0,3.0,29.18968066298917,0.0,0.0,7.25,male,A10,S
472.0,0.0,3.0,38.0,0.0,0.0,8.6625,male,A10,S
473.0,1.0,2.0,33.0,1.0,2.0,27.75,female,A10,S
474.0,1.0,2.0,23.0,0.0,0.0,13.7917,female,D,C
475.0,0.0,3.0,22.0,0.0,0.0,9.8375,female,A10,S
476.0,0.0,1.0,44.75644377707857,0.0,0.0,52.0,male,A14,S
477.0,0.0,2.0,34.0,1.0,0.0,21.0,male,A10,S
478.0,0.0,3.0,29.0,1.0,0.0,7.0458,male,A10,S
479.0,0.0,3.0,22.0,0.0,0.0,7.5208,male,A10,S
480.0,1.0,3.0,2.0,0.0,1.0,12.2875,female,A10,S
481.0,0.0,3.0,9.0,5.0,2.0,46.9,male,A10,S
482.0,0.0,2.0,37.20676082897131,0.0,0.0,0.0,male,A10,S
483.0,0.0,3.0,50.0,0.0,0.0,8.05,male,A10,S
484.0,1.0,3.0,63.0,0.0,0.0,9.5875,female,A10,S
485.0,1.0,1.0,25.0,1.0,0.0,91.0792,male,B49,C
486.0,0.0,3.0,15.999825452319087,3.0,1.0,25.4667,female,A10,S
487.0,1.0,1.0,35.0,1.0,0.0,90.0,female,C93,S
488.0,0.0,1.0,58.0,0.0,0.0,29.7,male,B37,C
489.0,0.0,3.0,30.0,0.0,0.0,8.05,male,A10,S
490.0,1.0,3.0,9.0,1.0,1.0,15.9,male,A10,S
491.0,0.0,3.0,24.894315762561664,1.0,0.0,19.9667,male,A10,S
492.0,0.0,3.0,21.0,0.0,0.0,7.25,male,A10,S
493.0,0.0,1.0,55.0,0.0,0.0,30.5,male,C30,S
494.0,0.0,1.0,71.0,0.0,0.0,49.5042,male,A10,C
495.0,0.0,3.0,21.0,0.0,0.0,8.05,male,A10,S
496.0,0.0,3.0,27.011128856982733,0.0,0.0,14.4583,male,A10,C
497.0,1.0,1.0,54.0,1.0,0.0,78.2667,female,D20,C
498.0,0.0,3.0,29.135148638568307,0.0,0.0,15.1,male,A10,S
499.0,0.0,1.0,25.0,1.0,2.0,151.55,female,C22 C26,S
500.0,0.0,3.0,24.0,0.0,0.0,7.7958,male,A10,S
501.0,0.0,3.0,17.0,0.0,0.0,8.6625,male,A10,S
502.0,0.0,3.0,21.0,0.0,0.0,7.75,female,A10,Q
503.0,0.0,3.0,31.585139325441325,0.0,0.0,7.6292,female,A10,Q
504.0,0.0,3.0,37.0,0.0,0.0,9.5875,female,A10,S
505.0,1.0,1.0,16.0,0.0,0.0,86.5,female,B79,S
506.0,0.0,1.0,18.0,1.0,0.0,108.9,male,C65,C
507.0,1.0,2.0,33.0,0.0,2.0,26.0,female,A10,S
508.0,1.0,1.0,38.50357460671229,0.0,0.0,26.55,male,A10,S
509.0,0.0,3.0,28.0,0.0,0.0,22.525,male,A10,S
510.0,1.0,3.0,26.0,0.0,0.0,56.4958,male,A10,S
511.0,1.0,3.0,29.0,0.0,0.0,7.75,male,A10,Q
512.0,0.0,3.0,29.193790089951275,0.0,0.0,8.05,male,A10,S
513.0,1.0,1.0,36.0,0.0,0.0,26.2875,male,E25,S
514.0,1.0,1.0,54.0,1.0,0.0,59.4,female,A10,C
515.0,0.0,3.0,24.0,0.0,0.0,7.4958,male,A10,S
516.0,0.0,1.0,47.0,0.0,0.0,34.0208,male,D46,S
517.0,1.0,2.0,34.0,0.0,0.0,10.5,female,F33,S
518.0,0.0,3.0,31.393642734628262,0.0,0.0,24.15,male,A10,Q
519.0,1.0,2.0,36.0,1.0,0.0,26.0,female,A10,S
520.0,0.0,3.0,32.0,0.0,0.0,7.8958,male,A10,S
521.0,1.0,1.0,30.0,0.0,0.0,93.5,female,B73,S
522.0,0.0,3.0,22.0,0.0,0.0,7.8958,male,A10,S
523.0,0.0,3.0,27.07448858501372,0.0,0.0,7.225,male,A10,C
524.0,1.0,1.0,44.0,0.0,1.0,57.9792,female,B18,C
525.0,0.0,3.0,27.074961233868862,0.0,0.0,7.2292,male,A10,C
526.0,0.0,3.0,40.5,0.0,0.0,7.75,male,A10,Q
527.0,1.0,2.0,50.0,0.0,0.0,10.5,female,A10,S
528.0,0.0,1.0,43.44258428199927,0.0,0.0,221.7792,male,C95,S
529.0,0.0,3.0,39.0,0.0,0.0,7.925,male,A10,S
530.0,0.0,2.0,23.0,2.0,1.0,11.5,male,A10,S
531.0,1.0,2.0,2.0,1.0,1.0,26.0,female,A10,S
532.0,0.0,3.0,27.07673040072423,0.0,0.0,7.2292,male,A10,C
533.0,0.0,3.0,17.0,1.0,1.0,7.2292,male,A10,C
534.0,1.0,3.0,19.53657537421148,0.0,2.0,22.3583,female,A10,C
535.0,0.0,3.0,30.0,0.0,0.0,8.6625,female,A10,S
536.0,1.0,2.0,7.0,0.0,2.0,26.25,female,A10,S
537.0,0.0,1.0,45.0,0.0,0.0,26.55,male,B38,S
538.0,1.0,1.0,30.0,0.0,0.0,106.425,female,A10,C
539.0,0.0,3.0,29.150200528614263,0.0,0.0,14.5,male,A10,S
540.0,1.0,1.0,22.0,0.0,2.0,49.5,female,B39,C
541.0,1.0,1.0,36.0,0.0,2.0,71.0,female,B22,S
542.0,0.0,3.0,9.0,4.0,2.0,31.275,female,A10,S
543.0,0.0,3.0,11.0,4.0,2.0,31.275,female,A10,S
544.0,1.0,2.0,32.0,1.0,0.0,26.0,male,A10,S
545.0,0.0,1.0,50.0,1.0,0.0,106.425,male,C86,C
546.0,0.0,1.0,64.0,0.0,0.0,26.0,male,A10,S
547.0,1.0,2.0,19.0,1.0,0.0,26.0,female,A10,S
548.0,1.0,2.0,28.526686621887574,0.0,0.0,13.8625,male,A10,C
549.0,0.0,3.0,33.0,1.0,1.0,20.525,male,A10,S
550.0,1.0,2.0,8.0,1.0,1.0,36.75,male,A10,S
551.0,1.0,1.0,17.0,0.0,2.0,110.8833,male,C70,C
552.0,0.0,2.0,27.0,0.0,0.0,26.0,male,A10,S
553.0,0.0,3.0,31.530052677118576,0.0,0.0,7.8292,male,A10,Q
554.0,1.0,3.0,22.0,0.0,0.0,7.225,male,A10,C
555.0,1.0,3.0,22.0,0.0,0.0,7.775,female,A10,S
556.0,0.0,1.0,62.0,0.0,0.0,26.55,male,A10,S
557.0,1.0,1.0,48.0,1.0,0.0,39.6,female,A16,C
558.0,0.0,1.0,41.276727132504206,0.0,0.0,227.525,male,A10,C
559.0,1.0,1.0,39.0,1.0,1.0,79.65,female,E67,S
560.0,1.0,3.0,36.0,1.0,0.0,17.4,female,A10,S
561.0,0.0,3.0,31.532693612864882,0.0,0.0,7.75,male,A10,Q
562.0,0.0,3.0,40.0,0.0,0.0,7.8958,male,A10,S
563.0,0.0,2.0,28.0,0.0,0.0,13.5,male,A10,S
564.0,0.0,3.0,29.20693247230545,0.0,0.0,8.05,male,A10,S
565.0,0.0,3.0,29.273345555848202,0.0,0.0,8.05,female,A10,S
566.0,0.0,3.0,24.0,2.0,0.0,24.15,male,A10,S
567.0,0.0,3.0,19.0,0.0,0.0,7.8958,male,A10,S
568.0,0.0,3.0,29.0,0.0,4.0,21.075,female,A10,S
569.0,0.0,3.0,27.08608171124547,0.0,0.0,7.2292,male,A10,C
570.0,1.0,3.0,32.0,0.0,0.0,7.8542,male,A10,S
571.0,1.0,2.0,62.0,0.0,0.0,10.5,male,A10,S
572.0,1.0,1.0,53.0,2.0,0.0,51.4792,female,C101,S
573.0,1.0,1.0,36.0,0.0,0.0,26.3875,male,E25,S
574.0,1.0,3.0,25.142264416824183,0.0,0.0,7.75,female,A10,Q
575.0,0.0,3.0,16.0,0.0,0.0,8.05,male,A10,S
576.0,0.0,3.0,19.0,0.0,0.0,14.5,male,A10,S
577.0,1.0,2.0,34.0,0.0,0.0,13.0,female,A10,S
578.0,1.0,1.0,39.0,1.0,0.0,55.9,female,E44,S
579.0,0.0,3.0,22.89724110388722,1.0,0.0,14.4583,female,A10,C
580.0,1.0,3.0,32.0,0.0,0.0,7.925,male,A10,S
581.0,1.0,2.0,25.0,1.0,1.0,30.0,female,A10,S
582.0,1.0,1.0,39.0,1.0,1.0,110.8833,female,C68,C
583.0,0.0,2.0,54.0,0.0,0.0,26.0,male,A10,S
584.0,0.0,1.0,36.0,0.0,0.0,40.125,male,A10,C
585.0,0.0,3.0,27.078531981563263,0.0,0.0,8.7125,male,A10,C
586.0,1.0,1.0,18.0,0.0,2.0,79.65,female,E68,S
587.0,0.0,2.0,47.0,0.0,0.0,15.0,male,A10,S
588.0,1.0,1.0,60.0,1.0,1.0,79.2,male,B41,C
589.0,0.0,3.0,22.0,0.0,0.0,8.05,male,A10,S
590.0,0.0,3.0,29.213503663482534,0.0,0.0,8.05,male,A10,S
591.0,0.0,3.0,35.0,0.0,0.0,7.125,male,A10,S
592.0,1.0,1.0,52.0,1.0,0.0,78.2667,female,D20,C
593.0,0.0,3.0,47.0,0.0,0.0,7.25,male,A10,S
594.0,0.0,3.0,30.57849833250559,0.0,2.0,7.75,female,A10,Q
595.0,0.0,2.0,37.0,1.0,0.0,26.0,male,A10,S
596.0,0.0,3.0,36.0,1.0,1.0,24.15,male,A10,S
597.0,1.0,2.0,30.58418143441817,0.0,0.0,33.0,female,A10,S
598.0,0.0,3.0,49.0,0.0,0.0,0.0,male,A10,S
599.0,0.0,3.0,27.093696682300592,0.0,0.0,7.225,male,A10,C
600.0,1.0,1.0,49.0,1.0,0.0,56.9292,male,A20,C
601.0,1.0,2.0,24.0,2.0,1.0,27.0,female,A10,S
602.0,0.0,3.0,29.217741755097116,0.0,0.0,7.8958,male,A10,S
603.0,0.0,1.0,44.86357555117141,0.0,0.0,42.4,male,A10,S
604.0,0.0,3.0,44.0,0.0,0.0,8.05,male,A10,S
605.0,1.0,1.0,35.0,0.0,0.0,26.55,male,A10,C
606.0,0.0,3.0,36.0,1.0,0.0,15.55,male,A10,S
607.0,0.0,3.0,30.0,0.0,0.0,7.8958,male,A10,S
608.0,1.0,1.0,27.0,0.0,0.0,30.5,male,A10,S
609.0,1.0,2.0,22.0,1.0,2.0,41.5792,female,A10,C
610.0,1.0,1.0,40.0,0.0,0.0,153.4625,female,C125,S
611.0,0.0,3.0,39.0,1.0,5.0,31.275,female,A10,S
612.0,0.0,3.0,29.226879947230728,0.0,0.0,7.05,male,A10,S
613.0,1.0,3.0,20.89052149171735,1.0,0.0,15.5,female,A10,Q
614.0,0.0,3.0,31.54608873334125,0.0,0.0,7.75,male,A10,Q
615.0,0.0,3.0,35.0,0.0,0.0,8.05,male,A10,S
616.0,1.0,2.0,24.0,1.0,2.0,65.0,female,A10,S
617.0,0.0,3.0,34.0,1.0,1.0,14.4,male,A10,S
618.0,0.0,3.0,26.0,1.0,0.0,16.1,female,A10,S
619.0,1.0,2.0,4.0,2.0,1.0,39.0,female,F4,S
620.0,0.0,2.0,26.0,0.0,0.0,10.5,male,A10,S
621.0,0.0,3.0,27.0,1.0,0.0,14.4542,male,A10,C
622.0,1.0,1.0,42.0,1.0,0.0,52.5542,male,D19,S
623.0,1.0,3.0,20.0,1.0,1.0,15.7417,male,A10,C
624.0,0.0,3.0,21.0,0.0,0.0,7.8542,male,A10,S
625.0,0.0,3.0,21.0,0.0,0.0,16.1,male,A10,S
626.0,0.0,1.0,61.0,0.0,0.0,32.3208,male,D50,S
627.0,0.0,2.0,57.0,0.0,0.0,12.35,male,A10,Q
628.0,1.0,1.0,21.0,0.0,0.0,77.9583,female,D9,S
629.0,0.0,3.0,26.0,0.0,0.0,7.8958,male,A10,S
630.0,0.0,3.0,31.55026307124888,0.0,0.0,7.7333,male,A10,Q
631.0,1.0,1.0,80.0,0.0,0.0,30.0,male,A23,S
632.0,0.0,3.0,51.0,0.0,0.0,7.0542,male,A10,S
633.0,1.0,1.0,32.0,0.0,0.0,30.5,male,B50,C
634.0,0.0,1.0,45.20281074349884,0.0,0.0,0.0,male,A10,S
635.0,0.0,3.0,9.0,3.0,2.0,27.9,female,A10,S
636.0,1.0,2.0,28.0,0.0,0.0,13.0,female,A10,S
637.0,0.0,3.0,32.0,0.0,0.0,7.925,male,A10,S
638.0,0.0,2.0,31.0,1.0,1.0,26.25,male,A10,S
639.0,0.0,3.0,41.0,0.0,5.0,39.6875,female,A10,S
640.0,0.0,3.0,24.962196044201896,1.0,0.0,16.1,male,A10,S
641.0,0.0,3.0,20.0,0.0,0.0,7.8542,male,A10,S
642.0,1.0,1.0,24.0,0.0,0.0,69.3,female,B35,C
643.0,0.0,3.0,2.0,3.0,2.0,27.9,female,A10,S
644.0,1.0,3.0,22.388621829268843,0.0,0.0,56.4958,male,A10,S
645.0,1.0,3.0,0.75,2.0,1.0,19.2583,female,A10,C
646.0,1.0,1.0,48.0,1.0,0.0,76.7292,male,D33,C
647.0,0.0,3.0,19.0,0.0,0.0,7.8958,male,A10,S
648.0,1.0,1.0,56.0,0.0,0.0,35.5,male,A26,C
649.0,0.0,3.0,29.232323235222022,0.0,0.0,7.55,male,A10,S
650.0,1.0,3.0,23.0,0.0,0.0,7.55,female,A10,S
651.0,0.0,3.0,29.230125923084703,0.0,0.0,7.8958,male,A10,S
652.0,1.0,2.0,18.0,0.0,1.0,23.0,female,A10,S
653.0,0.0,3.0,21.0,0.0,0.0,8.4333,male,A10,S
654.0,1.0,3.0,25.16186443583109,0.0,0.0,7.8292,female,A10,Q
655.0,0.0,3.0,18.0,0.0,0.0,6.75,female,A10,Q
656.0,0.0,2.0,24.0,2.0,0.0,73.5,male,A10,S
657.0,0.0,3.0,29.231642351817875,0.0,0.0,7.8958,male,A10,S
658.0,0.0,3.0,32.0,1.0,1.0,15.5,female,A10,Q
659.0,0.0,2.0,23.0,0.0,0.0,13.0,male,A10,S
660.0,0.0,1.0,58.0,0.0,2.0,113.275,male,D48,C
661.0,1.0,1.0,50.0,2.0,0.0,133.65,male,A10,S
662.0,0.0,3.0,40.0,0.0,0.0,7.225,male,A10,C
663.0,0.0,1.0,47.0,0.0,0.0,25.5875,male,E58,S
664.0,0.0,3.0,36.0,0.0,0.0,7.4958,male,A10,S
665.0,1.0,3.0,20.0,1.0,0.0,7.925,male,A10,S
666.0,0.0,2.0,32.0,2.0,0.0,73.5,male,A10,S
667.0,0.0,2.0,25.0,0.0,0.0,13.0,male,A10,S
668.0,0.0,3.0,29.235366649405265,0.0,0.0,7.775,male,A10,S
669.0,0.0,3.0,43.0,0.0,0.0,8.05,male,A10,S
670.0,1.0,1.0,37.484047433263726,1.0,0.0,52.0,female,C126,S
671.0,1.0,2.0,40.0,1.0,1.0,39.0,female,A10,S
672.0,0.0,1.0,31.0,1.0,0.0,52.0,male,B71,S
673.0,0.0,2.0,70.0,0.0,0.0,10.5,male,A10,S
674.0,1.0,2.0,31.0,0.0,0.0,13.0,male,A10,S
675.0,0.0,2.0,37.25553928655507,0.0,0.0,0.0,male,A10,S
676.0,0.0,3.0,18.0,0.0,0.0,7.775,male,A10,S
677.0,0.0,3.0,24.5,0.0,0.0,8.05,male,A10,S
678.0,1.0,3.0,18.0,0.0,0.0,9.8417,female,A10,S
679.0,0.0,3.0,43.0,1.0,6.0,46.9,female,A10,S
680.0,1.0,1.0,36.0,0.0,1.0,512.3292,male,B51 B53 B55,C
681.0,0.0,3.0,31.626153815488205,0.0,0.0,8.1375,female,A10,Q
682.0,1.0,1.0,27.0,0.0,0.0,76.7292,male,D49,C
683.0,0.0,3.0,20.0,0.0,0.0,9.225,male,A10,S
684.0,0.0,3.0,14.0,5.0,2.0,46.9,male,A10,S
685.0,0.0,2.0,60.0,1.0,1.0,39.0,male,A10,S
686.0,0.0,2.0,25.0,1.0,2.0,41.5792,male,A10,C
687.0,0.0,3.0,14.0,4.0,1.0,39.6875,male,A10,S
688.0,0.0,3.0,19.0,0.0,0.0,10.1708,male,A10,S
689.0,0.0,3.0,18.0,0.0,0.0,7.7958,male,A10,S
690.0,1.0,1.0,15.0,0.0,1.0,211.3375,female,B5,S
691.0,1.0,1.0,31.0,1.0,0.0,57.0,male,B20,S
692.0,1.0,3.0,4.0,0.0,1.0,13.4167,female,A10,C
693.0,1.0,3.0,22.401005997256426,0.0,0.0,56.4958,male,A10,S
694.0,0.0,3.0,25.0,0.0,0.0,7.225,male,A10,C
695.0,0.0,1.0,60.0,0.0,0.0,26.55,male,A10,S
696.0,0.0,2.0,52.0,0.0,0.0,13.5,male,A10,S
697.0,0.0,3.0,44.0,0.0,0.0,8.05,male,A10,S
698.0,1.0,3.0,25.17373447192894,0.0,0.0,7.7333,female,A10,Q
699.0,0.0,1.0,49.0,1.0,1.0,110.8833,male,C68,C
700.0,0.0,3.0,42.0,0.0,0.0,7.65,male,F G63,S
701.0,1.0,1.0,18.0,1.0,0.0,227.525,female,C62 C64,C
702.0,1.0,1.0,35.0,0.0,0.0,26.2875,male,E24,S
703.0,0.0,3.0,18.0,0.0,1.0,14.4542,female,A10,C
704.0,0.0,3.0,25.0,0.0,0.0,7.7417,male,A10,Q
705.0,0.0,3.0,26.0,1.0,0.0,7.8542,male,A10,S
706.0,0.0,2.0,39.0,0.0,0.0,26.0,male,A10,S
707.0,1.0,2.0,45.0,0.0,0.0,13.5,female,A10,S
708.0,1.0,1.0,42.0,0.0,0.0,26.2875,male,E24,S
709.0,1.0,1.0,22.0,0.0,0.0,151.55,female,A10,S
710.0,1.0,3.0,15.883811188033675,1.0,1.0,15.2458,male,A10,C
711.0,1.0,1.0,24.0,0.0,0.0,49.5042,female,C90,C
712.0,0.0,1.0,45.15598714048979,0.0,0.0,26.55,male,C124,S
713.0,1.0,1.0,48.0,1.0,0.0,52.0,male,C126,S
714.0,0.0,3.0,29.0,0.0,0.0,9.4833,male,A10,S
715.0,0.0,2.0,52.0,0.0,0.0,13.0,male,A10,S
716.0,0.0,3.0,19.0,0.0,0.0,7.65,male,F G73,S
717.0,1.0,1.0,38.0,0.0,0.0,227.525,female,C45,C
718.0,1.0,2.0,27.0,0.0,0.0,10.5,female,E101,S
719.0,0.0,3.0,31.51205188695764,0.0,0.0,15.5,male,A10,Q
720.0,0.0,3.0,33.0,0.0,0.0,7.775,male,A10,S
721.0,1.0,2.0,6.0,0.0,1.0,33.0,female,A10,S
722.0,0.0,3.0,17.0,1.0,0.0,7.0542,male,A10,S
723.0,0.0,2.0,34.0,0.0,0.0,13.0,male,A10,S
724.0,0.0,2.0,50.0,0.0,0.0,13.0,male,A10,S
725.0,1.0,1.0,27.0,1.0,0.0,53.1,male,E8,S
726.0,0.0,3.0,20.0,0.0,0.0,8.6625,male,A10,S
727.0,1.0,2.0,30.0,3.0,0.0,21.0,female,A10,S
728.0,1.0,3.0,25.18128378820556,0.0,0.0,7.7375,female,A10,Q
729.0,0.0,2.0,25.0,1.0,0.0,26.0,male,A10,S
730.0,0.0,3.0,25.0,1.0,0.0,7.925,female,A10,S
731.0,1.0,1.0,29.0,0.0,0.0,211.3375,female,B5,S
732.0,0.0,3.0,11.0,0.0,0.0,18.7875,male,A10,C
733.0,0.0,2.0,37.27019809764242,0.0,0.0,0.0,male,A10,S
734.0,0.0,2.0,23.0,0.0,0.0,13.0,male,A10,S
735.0,0.0,2.0,23.0,0.0,0.0,13.0,male,A10,S
736.0,0.0,3.0,28.5,0.0,0.0,16.1,male,A10,S
737.0,0.0,3.0,48.0,1.0,3.0,34.375,female,A10,S
738.0,1.0,1.0,35.0,0.0,0.0,512.3292,male,B101,C
739.0,0.0,3.0,29.25236687783792,0.0,0.0,7.8958,male,A10,S
740.0,0.0,3.0,29.252619615960114,0.0,0.0,7.8958,male,A10,S
741.0,1.0,1.0,38.53549723372754,0.0,0.0,30.0,male,D45,S
742.0,0.0,1.0,36.0,1.0,0.0,78.85,male,C46,S
743.0,1.0,1.0,21.0,2.0,2.0,262.375,female,B57 B59 B63 B66,C
744.0,0.0,3.0,24.0,1.0,0.0,16.1,male,A10,S
745.0,1.0,3.0,31.0,0.0,0.0,7.925,male,A10,S
746.0,0.0,1.0,70.0,1.0,1.0,71.0,male,B22,S
747.0,0.0,3.0,16.0,1.0,1.0,20.25,male,A10,S
748.0,1.0,2.0,30.0,0.0,0.0,13.0,female,A10,S
749.0,0.0,1.0,19.0,1.0,0.0,53.1,male,D30,S
750.0,0.0,3.0,31.0,0.0,0.0,7.75,male,A10,Q
751.0,1.0,2.0,4.0,1.0,1.0,23.0,female,A10,S
752.0,1.0,3.0,6.0,0.0,1.0,12.475,male,E121,S
753.0,0.0,3.0,33.0,0.0,0.0,9.5,male,A10,S
754.0,0.0,3.0,23.0,0.0,0.0,7.8958,male,A10,S
755.0,1.0,2.0,48.0,1.0,2.0,65.0,female,A10,S
756.0,1.0,2.0,0.67,1.0,1.0,14.5,male,A10,S
757.0,0.0,3.0,28.0,0.0,0.0,7.7958,male,A10,S
758.0,0.0,2.0,18.0,0.0,0.0,11.5,male,A10,S
759.0,0.0,3.0,34.0,0.0,0.0,8.05,male,A10,S
760.0,1.0,1.0,33.0,0.0,0.0,86.5,female,B77,S
761.0,0.0,3.0,29.206308391741693,0.0,0.0,14.5,male,A10,S
762.0,0.0,3.0,41.0,0.0,0.0,7.125,male,A10,S
763.0,1.0,3.0,20.0,0.0,0.0,7.2292,male,A10,C
764.0,1.0,1.0,36.0,1.0,2.0,120.0,female,B96 B98,S
765.0,0.0,3.0,16.0,0.0,0.0,7.775,male,A10,S
766.0,1.0,1.0,51.0,1.0,0.0,77.9583,female,D11,S
767.0,0.0,1.0,42.798379667923065,0.0,0.0,39.6,male,A10,C
768.0,0.0,3.0,30.5,0.0,0.0,7.75,female,A10,Q
769.0,0.0,3.0,27.25605464064106,1.0,0.0,24.15,male,A10,Q
770.0,0.0,3.0,32.0,0.0,0.0,8.3625,male,A10,S
771.0,0.0,3.0,24.0,0.0,0.0,9.5,male,A10,S
772.0,0.0,3.0,48.0,0.0,0.0,7.8542,male,A10,S
773.0,0.0,2.0,57.0,0.0,0.0,10.5,female,E77,S
774.0,0.0,3.0,27.137925853684827,0.0,0.0,7.225,male,A10,C
775.0,1.0,2.0,54.0,1.0,3.0,23.0,female,A10,S
776.0,0.0,3.0,18.0,0.0,0.0,7.75,male,A10,S
777.0,0.0,3.0,31.58728504726032,0.0,0.0,7.75,male,F38,Q
778.0,1.0,3.0,5.0,0.0,0.0,12.475,female,A10,S
779.0,0.0,3.0,31.587888224066777,0.0,0.0,7.7375,male,A10,Q
780.0,1.0,1.0,43.0,0.0,1.0,211.3375,female,B3,S
781.0,1.0,3.0,13.0,0.0,0.0,7.2292,female,A10,C
782.0,1.0,1.0,17.0,1.0,0.0,57.0,female,B20,S
783.0,0.0,1.0,29.0,0.0,0.0,30.0,male,D6,S
784.0,0.0,3.0,23.912446418795568,1.0,2.0,23.45,male,A10,S
785.0,0.0,3.0,25.0,0.0,0.0,7.05,male,A10,S
786.0,0.0,3.0,25.0,0.0,0.0,7.25,male,A10,S
787.0,1.0,3.0,18.0,0.0,0.0,7.4958,female,A10,S
788.0,0.0,3.0,8.0,4.0,1.0,29.125,male,A10,Q
789.0,1.0,3.0,1.0,1.0,2.0,20.575,male,A10,S
790.0,0.0,1.0,46.0,0.0,0.0,79.2,male,B82 B84,C
791.0,0.0,3.0,31.590823380969876,0.0,0.0,7.75,male,A10,Q
792.0,0.0,2.0,16.0,0.0,0.0,26.0,male,A10,S
793.0,0.0,3.0,-5.786615808553194,8.0,2.0,69.55,female,A10,S
794.0,0.0,1.0,42.87479922564462,0.0,0.0,30.6958,male,A10,C
795.0,0.0,3.0,25.0,0.0,0.0,7.8958,male,A10,S
796.0,0.0,2.0,39.0,0.0,0.0,13.0,male,A10,S
797.0,1.0,1.0,49.0,0.0,0.0,25.9292,female,D17,S
798.0,1.0,3.0,31.0,0.0,0.0,8.6833,female,A10,S
799.0,0.0,3.0,30.0,0.0,0.0,7.2292,male,A10,C
800.0,0.0,3.0,30.0,1.0,1.0,24.15,female,A10,S
801.0,0.0,2.0,34.0,0.0,0.0,13.0,male,A10,S
802.0,1.0,2.0,31.0,1.0,1.0,26.25,female,A10,S
803.0,1.0,1.0,11.0,1.0,2.0,120.0,male,B96 B98,S
804.0,1.0,3.0,0.42,0.0,1.0,8.5167,male,A10,C
805.0,1.0,3.0,27.0,0.0,0.0,6.975,male,A10,S
806.0,0.0,3.0,31.0,0.0,0.0,7.775,male,A10,S
807.0,0.0,1.0,39.0,0.0,0.0,0.0,male,A36,S
808.0,0.0,3.0,18.0,0.0,0.0,7.775,female,A10,S
809.0,0.0,2.0,39.0,0.0,0.0,13.0,male,A10,S
810.0,1.0,1.0,33.0,1.0,0.0,53.1,female,E8,S
811.0,0.0,3.0,26.0,0.0,0.0,7.8875,male,A10,S
812.0,0.0,3.0,39.0,0.0,0.0,24.15,male,A10,S
813.0,0.0,2.0,35.0,0.0,0.0,10.5,male,A10,S
814.0,0.0,3.0,6.0,4.0,2.0,31.275,female,A10,S
815.0,0.0,3.0,30.5,0.0,0.0,8.05,male,A10,S
816.0,0.0,1.0,45.24880908173867,0.0,0.0,0.0,male,B102,S
817.0,0.0,3.0,23.0,0.0,0.0,7.925,female,A10,S
818.0,0.0,2.0,31.0,1.0,1.0,37.0042,male,A10,C
819.0,0.0,3.0,43.0,0.0,0.0,6.45,male,A10,S
820.0,0.0,3.0,10.0,3.0,2.0,27.9,male,A10,S
821.0,1.0,1.0,52.0,1.0,1.0,93.5,female,B69,S
822.0,1.0,3.0,27.0,0.0,0.0,8.6625,male,A10,S
823.0,0.0,1.0,38.0,0.0,0.0,0.0,male,A10,S
824.0,1.0,3.0,27.0,0.0,1.0,12.475,female,E121,S
825.0,0.0,3.0,2.0,4.0,1.0,39.6875,male,A10,S
826.0,0.0,3.0,31.605922051294637,0.0,0.0,6.95,male,A10,Q
827.0,0.0,3.0,28.89474804268044,0.0,0.0,56.4958,male,A10,S
828.0,1.0,2.0,1.0,0.0,2.0,37.0042,male,A10,C
829.0,1.0,3.0,25.140552292563513,0.0,0.0,7.75,male,A10,Q
830.0,1.0,1.0,62.0,0.0,0.0,80.0,female,B28,C
831.0,1.0,3.0,15.0,1.0,0.0,14.4542,female,A10,C
832.0,1.0,2.0,0.83,1.0,1.0,18.75,male,A10,S
833.0,0.0,3.0,27.152804575505115,0.0,0.0,7.2292,male,A10,C
834.0,0.0,3.0,23.0,0.0,0.0,7.8542,male,A10,S
835.0,0.0,3.0,18.0,0.0,0.0,8.3,male,A10,S
836.0,1.0,1.0,39.0,1.0,1.0,83.1583,female,E49,C
837.0,0.0,3.0,21.0,0.0,0.0,8.6625,male,A10,S
838.0,0.0,3.0,29.27618271778705,0.0,0.0,8.05,male,A10,S
839.0,1.0,3.0,32.0,0.0,0.0,56.4958,male,A10,S
840.0,1.0,1.0,36.434333259886465,0.0,0.0,29.7,male,C47,C
841.0,0.0,3.0,20.0,0.0,0.0,7.925,male,A10,S
842.0,0.0,2.0,16.0,0.0,0.0,10.5,male,A10,S
843.0,1.0,1.0,30.0,0.0,0.0,31.0,female,A10,C
844.0,0.0,3.0,34.5,0.0,0.0,6.4375,male,A10,C
845.0,0.0,3.0,17.0,0.0,0.0,8.6625,male,A10,S
846.0,0.0,3.0,42.0,0.0,0.0,7.55,male,A10,S
847.0,0.0,3.0,-5.83912829537519,8.0,2.0,69.55,male,A10,S
848.0,0.0,3.0,35.0,0.0,0.0,7.8958,male,A10,C
849.0,0.0,2.0,28.0,0.0,1.0,33.0,male,A10,S
850.0,1.0,1.0,35.93473480373437,1.0,0.0,89.1042,female,C92,C
851.0,0.0,3.0,4.0,4.0,2.0,31.275,male,A10,S
852.0,0.0,3.0,74.0,0.0,0.0,7.775,male,A10,S
853.0,0.0,3.0,9.0,1.0,1.0,15.2458,female,A10,C
854.0,1.0,1.0,16.0,0.0,1.0,39.4,female,D28,S
855.0,0.0,2.0,44.0,1.0,0.0,26.0,female,A10,S
856.0,1.0,3.0,18.0,0.0,1.0,9.35,female,A10,S
857.0,1.0,1.0,45.0,1.0,1.0,164.8667,female,A10,S
858.0,1.0,1.0,51.0,0.0,0.0,26.55,male,E17,S
859.0,1.0,3.0,24.0,0.0,3.0,19.2583,female,A10,C
860.0,0.0,3.0,27.159628504804395,0.0,0.0,7.2292,male,A10,C
861.0,0.0,3.0,41.0,2.0,0.0,14.1083,male,A10,S
862.0,0.0,2.0,21.0,1.0,0.0,11.5,male,A10,S
863.0,1.0,1.0,48.0,0.0,0.0,25.9292,female,D17,S
864.0,0.0,3.0,-5.768671401877306,8.0,2.0,69.55,female,A10,S
865.0,0.0,2.0,24.0,0.0,0.0,13.0,male,A10,S
866.0,1.0,2.0,42.0,0.0,0.0,13.0,female,A10,S
867.0,1.0,2.0,27.0,1.0,0.0,13.8583,female,A10,C
868.0,0.0,1.0,31.0,0.0,0.0,50.4958,male,A24,S
869.0,0.0,3.0,29.272684334238274,0.0,0.0,9.5,male,A10,S
870.0,1.0,3.0,4.0,1.0,1.0,11.1333,male,A10,S
871.0,0.0,3.0,26.0,0.0,0.0,7.8958,male,A10,S
872.0,1.0,1.0,47.0,1.0,1.0,52.5542,female,D35,S
873.0,0.0,1.0,33.0,0.0,0.0,5.0,male,B51 B53 B55,S
874.0,0.0,3.0,47.0,0.0,0.0,9.0,male,A10,S
875.0,1.0,2.0,28.0,1.0,0.0,24.0,female,A10,C
876.0,1.0,3.0,15.0,0.0,0.0,7.225,female,A10,C
877.0,0.0,3.0,20.0,0.0,0.0,9.8458,male,A10,S
878.0,0.0,3.0,19.0,0.0,0.0,7.8958,male,A10,S
879.0,0.0,3.0,29.287750214945305,0.0,0.0,7.8958,male,A10,S
880.0,1.0,1.0,56.0,0.0,1.0,83.1583,female,C50,C
881.0,1.0,2.0,25.0,0.0,1.0,26.0,female,A10,S
882.0,0.0,3.0,33.0,0.0,0.0,7.8958,male,A10,S
883.0,0.0,3.0,22.0,0.0,0.0,10.5167,female,A10,S
884.0,0.0,2.0,28.0,0.0,0.0,10.5,male,A10,S
885.0,0.0,3.0,25.0,0.0,0.0,7.05,male,A10,S
886.0,0.0,3.0,39.0,0.0,5.0,29.125,female,A10,Q
887.0,0.0,2.0,27.0,0.0,0.0,13.0,male,A10,S
888.0,1.0,1.0,19.0,0.0,0.0,30.0,female,B42,S
889.0,0.0,3.0,24.00514426704666,1.0,2.0,23.45,female,A10,S
890.0,1.0,1.0,26.0,0.0,0.0,30.0,male,C148,C
891.0,0.0,3.0,32.0,0.0,0.0,7.75,male,A10,Q
